이름,연도,포지션,WAAwithPOS,G,GS,IP,TC,PO,Ass,E,F%,RF9,Range RAA,Arm RAA,Err RAA,DP RAA,Bt RAA,CS RAA,Blk RAA,Frm RAA,Total RAA,/144,POSAdj,RAAwithPOS,WAAwoPOS
유강남,23, C,2.560,109,98,821.0,778,714,60,4,99.5,8.48,0.20,,0.70,,0.07,-2.81,2.72,16.65,17.54,20.87,8.90,26.44,1.698
마차도,21, SS,1.977,133,127,1076.2,583,235,337,11,98.1,4.78,5.72,,1.24,3.03,,,,,9.99,10.74,10.68,20.67,0.956
마차도,20, SS,1.800,144,139,1180.2,618,228,380,10,98.4,4.63,8.03,,1.20,0.06,,,,,9.29,9.29,11.12,20.41,0.819
김준태,20, C,1.301,125,84,793.0,676,615,54,7,99.0,7.59,1.06,,-0.99,,-0.28,-2.84,2.23,7.37,6.54,7.36,8.21,14.75,0.577
안중열,21, C,1.017,56,41,364.2,324,292,31,1,99.7,7.97,-0.07,,0.68,,-0.04,1.92,1.46,2.96,6.91,17.16,3.72,10.63,0.661
정보근,22, C,0.958,94,67,585.2,641,592,43,6,99.1,9.76,0.68,,-1.12,,-0.22,0.99,-0.82,4.87,4.39,6.65,5.42,9.81,0.428
지시완,21, C,0.864,72,52,448.1,436,395,40,1,99.8,8.73,0.31,,0.95,,-0.04,0.02,-2.41,5.78,4.61,9.10,4.42,9.03,0.441
김준태,21, C,0.716,45,31,286.0,273,254,18,1,99.6,8.56,-0.06,,0.43,,-0.27,-1.77,1.11,5.03,4.47,11.09,3.02,7.49,0.427
정보근,23, C,0.673,51,23,228.2,216,191,24,1,99.5,8.46,-0.39,,0.61,,,1.15,-2.42,5.72,4.67,12.23,2.28,6.95,0.452
한동희,20, 3B,0.586,124,119,973.0,280,58,206,16,94.3,2.44,7.03,,-0.44,-0.39,0.44,,,,6.64,7.09,0.00,6.64,0.586
신본기,19, SS,0.572,118,108,906.2,448,161,272,15,96.7,4.30,0.17,,-1.21,-1.06,,,,,-2.10,-2.50,7.94,5.84,-0.205
노진혁,23, SS,0.559,107,95,827.0,373,142,220,11,97.1,3.94,-4.46,,1.26,1.48,,,,,-1.73,-2.20,7.50,5.77,-0.167
손성빈,23, C,0.548,44,20,201.2,180,166,13,1,99.4,7.99,1.07,,0.04,,0.01,1.54,-0.74,1.84,3.77,12.06,1.90,5.66,0.365
황성빈,23, LF,0.479,60,36,337.0,99,96,2,1,99.0,2.62,6.23,0.09,0.13,,,,,,6.44,12.54,-1.49,4.95,0.624
신윤후,24, RF,0.457,12,5,60.0,21,17,4,0,100.0,3.15,2.49,2.37,0.19,,,,,,5.05,45.41,-0.23,4.82,0.479
오윤석,19, 2B,0.387,30,24,176.1,105,44,60,1,99.0,5.31,2.58,,0.24,0.29,,,,,3.11,5.89,0.84,3.95,0.304
문규현,19, 3B,0.384,16,11,105.0,44,7,35,2,95.5,3.60,3.68,,0.09,-0.02,0.17,,,,3.92,14.11,0.00,3.92,0.384
지시완,22, C,0.374,71,48,426.1,413,388,23,2,99.5,8.68,0.15,,0.82,,-0.19,-2.33,2.75,-1.72,-0.52,-0.99,4.34,3.83,-0.050
나종덕,19, C,0.373,103,66,556.2,521,474,42,5,99.0,8.34,0.01,,-0.79,,-0.45,1.88,0.81,-2.66,-1.19,-1.64,4.99,3.81,-0.116
김민수,22, 3B,0.368,20,14,113.1,41,11,29,1,97.6,3.18,3.21,,0.10,0.35,0.12,,,,3.77,9.53,0.00,3.77,0.368
강태율,22, C,0.355,17,9,82.0,85,78,7,0,100.0,9.33,-0.03,,0.25,,-0.29,1.28,-0.77,2.36,2.80,21.20,0.84,3.64,0.273
박승욱,23, SS,0.355,22,15,134.0,73,25,47,1,98.6,4.84,2.41,,0.44,-0.39,,,,,2.47,2.89,1.20,3.67,0.239
유강남,24, C,0.351,44,39,291.0,266,243,20,3,98.9,8.13,0.11,,-0.38,,,0.11,0.62,,0.47,1.46,3.24,3.71,0.044
안권수,23, LF,0.338,60,32,312.2,99,92,4,3,97.0,2.76,6.01,-0.05,-0.91,,,,,,5.05,7.66,-1.56,3.49,0.489
정보근,19, C,0.286,15,10,89.2,79,72,7,0,100.0,7.93,0.07,,0.27,,0.02,0.22,1.14,0.37,2.08,20.00,0.84,2.92,0.204
윌슨,19, 1B,0.275,13,12,104.0,111,100,11,0,100.0,9.61,3.95,,0.10,,-0.24,,,,3.81,8.08,-1.00,2.81,0.373
조홍석,19, RF,0.268,12,7,55.1,18,17,1,0,100.0,2.93,3.21,-0.32,0.09,,,,,,2.98,10.23,-0.25,2.73,0.292
신본기,20, SS,0.264,25,4,78.0,40,12,28,0,100.0,4.62,2.38,,0.11,-0.06,,,,,2.44,4.33,0.56,3.00,0.215
한동희,21, 3B,0.264,124,116,992.1,298,89,195,14,95.3,2.58,1.97,,0.74,-0.28,0.33,,,,2.76,3.08,0.00,2.76,0.264
안권수,23, RF,0.247,27,18,157.0,47,46,1,0,100.0,2.69,2.67,0.40,0.31,,,,,,3.37,5.11,-0.82,2.55,0.326
최항,24, 2B,0.237,27,15,145.2,91,31,59,1,98.9,5.56,1.65,,0.01,0.16,,,,,1.82,7.50,0.68,2.50,0.173
허일,20, LF,0.237,27,3,71.0,21,21,0,0,100.0,2.66,3.03,-0.19,0.09,,,,,,2.94,7.06,-0.25,2.69,0.259
황성빈,24, LF,0.219,19,10,109.0,20,20,0,0,100.0,1.65,2.67,0.02,0.13,,,,,,2.82,9.03,-0.51,2.31,0.268
손성빈,24, C,0.191,18,5,74.0,64,59,4,1,98.4,7.66,-0.09,,-0.21,,0.51,-0.55,1.61,,1.27,10.16,0.74,2.01,0.120
아수아헤,19, 2B,0.186,48,43,385.2,219,96,120,3,98.6,5.04,-0.32,,0.03,0.26,,,,,-0.03,-0.10,1.93,1.90,-0.003
지시완,23, C,0.184,2,2,15.0,15,10,5,0,100.0,9.00,0.25,,0.04,,,0.40,0.71,0.36,1.75,42.10,0.14,1.90,0.170
정훈,24, 3B,0.181,2,1,11.0,6,1,5,0,100.0,4.91,2.18,,0.04,0.00,-0.32,,,,1.91,7.22,0.00,1.91,0.181
윤동희,23, RF,0.176,94,79,716.1,161,156,2,3,98.1,1.99,5.26,0.28,-0.08,,,,,,5.47,7.36,-3.65,1.82,0.530
렉스,22, LF,0.175,17,15,113.1,35,33,1,1,97.1,2.70,2.51,0.19,-0.31,,,,,,2.39,6.15,-0.60,1.79,0.234
추재현,20, CF,0.164,4,4,31.0,14,14,0,0,100.0,4.06,2.49,-0.67,0.03,,,,,,1.86,20.58,0.00,1.86,0.164
강태율,20, C,0.164,14,0,39.2,29,29,0,0,100.0,6.58,-0.01,,0.13,,,,1.20,0.22,1.54,15.87,0.31,1.85,0.136
안중열,19, C,0.161,73,42,381.2,322,286,31,5,98.4,7.48,0.19,,-1.32,,-0.25,-0.80,1.62,-1.23,-1.78,-3.52,3.43,1.65,-0.175
김동한,19, 3B,0.157,9,5,47.1,17,6,11,0,100.0,3.23,1.31,,0.04,-0.21,0.46,,,,1.60,5.50,0.00,1.60,0.157
김재유,20, CF,0.157,34,18,162.1,48,47,1,0,100.0,2.66,1.91,-0.31,0.18,,,,,,1.77,3.76,0.00,1.77,0.157
황성빈,23, RF,0.154,2,1,9.0,3,3,0,0,100.0,3.00,1.04,0.57,0.02,,,,,,1.63,3.18,-0.04,1.59,0.158
전병우,19, 1B,0.154,11,8,64.1,71,66,4,1,98.6,9.79,2.04,,0.06,,0.03,,,,2.14,10.61,-0.56,1.58,0.209
황성빈,23, CF,0.152,14,9,68.2,21,21,0,0,100.0,2.75,1.00,0.48,0.09,,,,,,1.57,3.06,0.00,1.57,0.152
레이예스,24, LF,0.150,6,6,46.0,15,14,1,0,100.0,2.93,0.84,0.97,0.05,,,,,,1.87,4.48,-0.28,1.59,0.177
김주현,21, 1B,0.150,2,1,11.0,12,11,1,0,100.0,9.82,1.66,,0.01,,,,,,1.67,30.09,-0.10,1.57,0.160
황성빈,22, RF,0.150,13,11,95.2,23,22,1,0,100.0,2.16,1.82,0.07,0.17,,,,,,2.06,2.91,-0.52,1.54,0.201
김민수,21, SS,0.150,6,2,23.0,9,5,4,0,100.0,3.52,1.56,,0.04,-0.27,,,,,1.32,2.33,0.24,1.56,0.127
노진혁,24, 3B,0.148,4,3,25.0,7,1,6,0,100.0,2.52,1.61,,0.09,-0.14,,,,,1.56,8.31,0.00,1.56,0.148
이호연,22, 3B,0.141,26,17,172.1,48,13,34,1,97.9,2.45,1.26,,0.15,0.07,-0.04,,,,1.44,2.36,0.00,1.44,0.141
렉스,22, CF,0.137,23,19,160.0,48,46,1,1,97.9,2.64,2.34,-0.67,-0.26,,,,,,1.41,3.62,0.00,1.41,0.137
배성근,22, SS,0.132,3,1,14.0,5,3,2,0,100.0,3.21,1.23,,0.02,,,,,,1.26,8.22,0.10,1.36,0.123
나경민,19, LF,0.131,5,1,16.0,6,6,0,0,100.0,3.38,1.22,0.16,0.02,,,,,,1.39,4.45,-0.05,1.34,0.136
이호연,21, 1B,0.131,1,1,9.0,11,10,1,0,100.0,11.00,1.44,,0.01,,,,,,1.45,29.75,-0.08,1.37,0.138
장두성,23, CF,0.124,15,1,43.0,10,10,0,0,100.0,2.09,1.49,-0.27,0.06,,,,,,1.28,7.38,0.00,1.28,0.124
박승욱,22, 2B,0.122,42,11,134.1,70,24,45,1,98.6,4.62,1.31,,-0.33,-0.17,,,,,0.81,1.17,0.44,1.25,0.079
김민수,21, 3B,0.117,22,14,145.1,39,9,30,0,100.0,2.42,2.13,,0.11,-0.03,-0.98,,,,1.22,2.15,0.00,1.22,0.117
강태율,21, C,0.115,18,10,79.1,67,55,8,4,94.0,7.15,-0.76,,-1.24,,,-0.06,1.60,0.92,0.46,3.47,0.74,1.20,0.044
나경민,19, CF,0.109,16,7,77.0,21,21,0,0,100.0,2.45,1.35,-0.33,0.10,,,,,,1.11,3.57,0.00,1.11,0.109
신용수,19, 2B,0.107,7,1,17.1,11,7,4,0,100.0,5.71,0.99,,0.02,,,,,,1.01,8.59,0.08,1.09,0.099
김민수,20, 3B,0.107,3,2,20.2,7,0,7,0,100.0,3.05,0.81,,0.01,0.39,,,,,1.21,58.06,0.00,1.21,0.107
신용수,21, LF,0.100,24,3,53.0,12,12,0,0,100.0,2.04,1.37,-0.17,0.05,,,,,,1.25,2.54,-0.20,1.05,0.120
나경민,19, RF,0.100,7,2,26.2,8,8,0,0,100.0,2.70,1.80,-0.73,0.05,,,,,,1.12,3.58,-0.10,1.02,0.109
이호연,22, 1B,0.098,39,13,155.0,140,127,12,1,99.3,8.07,2.66,,0.12,,-0.44,,,,2.34,3.83,-1.34,1.00,0.228
신용수,22, LF,0.090,9,4,43.0,7,7,0,0,100.0,1.47,0.85,0.16,0.06,,,,,,1.08,3.17,-0.16,0.92,0.105
김강현,20, C,0.090,5,0,9.0,6,6,0,0,100.0,6.00,0.00,,0.03,,,,0.42,0.50,0.94,27.15,0.07,1.01,0.083
김민성,24, 3B,0.088,27,18,155.1,39,13,25,1,97.4,2.20,-0.11,,0.08,0.70,0.26,,,,0.93,4.05,0.00,0.93,0.088
정대선,24, 2B,0.088,2,0,4.0,5,2,3,0,100.0,11.25,0.53,,0.01,0.38,,,,,0.92,44.06,0.01,0.93,0.087
장두성,24, CF,0.085,6,1,16.0,5,5,0,0,100.0,2.81,0.77,0.10,0.03,,,,,,0.90,5.38,0.00,0.90,0.085
배성근,20, SS,0.084,4,1,17.0,6,1,5,0,100.0,3.18,0.80,,0.02,,,,,,0.83,29.77,0.12,0.95,0.073
이주찬,21, SS,0.080,1,1,8.0,5,2,3,0,100.0,5.63,0.77,,0.01,,,,,,0.78,37.52,0.06,0.84,0.075
조홍석,19, CF,0.078,17,3,44.1,9,9,0,0,100.0,1.83,0.59,0.14,0.06,,,,,,0.80,2.73,0.00,0.80,0.078
전준우,19, CF,0.074,3,2,17.0,5,5,0,0,100.0,2.65,0.73,0.00,0.02,,,,,,0.76,0.78,0.00,0.76,0.074
정보근,24, C,0.074,30,16,153.1,147,133,14,0,100.0,8.63,0.38,,0.59,,,0.44,-2.09,,-0.68,-3.27,1.46,0.78,-0.065
강로한,20, LF,0.072,2,2,15.0,2,2,0,0,100.0,1.20,0.36,0.51,0.02,,,,,,0.89,7.99,-0.07,0.82,0.078
배영빈,23, SS,0.071,10,5,43.0,19,6,12,1,94.7,3.77,0.71,,0.14,-0.43,,,,,0.42,3.33,0.32,0.74,0.040
이호연,21, 3B,0.069,1,0,2.0,1,0,1,0,100.0,4.50,0.36,,0.00,0.36,,,,,0.72,14.87,0.00,0.72,0.069
추재현,22, LF,0.068,4,1,12.0,5,5,0,0,100.0,3.75,0.41,0.31,0.02,,,,,,0.74,3.21,-0.04,0.70,0.072
장두성,24, RF,0.067,8,0,12.2,3,3,0,0,100.0,2.13,0.82,-0.12,0.04,,,,,,0.74,4.46,-0.04,0.70,0.071
이호연,20, 1B,0.064,1,0,4.1,3,3,0,0,100.0,6.23,0.76,,0.00,,,,,,0.76,109.47,-0.04,0.72,0.067
서동욱,23, RF,0.063,5,4,25.0,5,5,0,0,100.0,1.80,0.82,-0.13,0.05,,,,,,0.74,8.19,-0.09,0.65,0.072
신본기,19, 2B,0.063,4,1,21.0,11,3,8,0,100.0,4.71,0.26,,0.03,0.27,,,,,0.56,0.67,0.08,0.64,0.055
김동한,20, 2B,0.062,15,3,46.2,27,11,16,0,100.0,5.21,0.72,,0.04,-0.22,,,,,0.54,0.94,0.17,0.71,0.047
이주찬,24, SS,0.061,3,0,5.0,4,1,3,0,100.0,7.20,0.26,,0.02,0.34,,,,,0.63,6.43,0.02,0.65,0.059
민병헌,20, RF,0.060,3,2,24.0,4,4,0,0,100.0,1.50,0.66,0.11,0.03,,,,,,0.79,1.05,-0.11,0.68,0.070
김동혁,23, RF,0.060,9,2,18.0,4,4,0,0,100.0,2.00,0.86,-0.22,0.04,,,,,,0.67,6.42,-0.05,0.62,0.065
박승욱,23, 2B,0.060,76,44,447.1,277,104,165,8,97.1,5.41,-0.83,,-1.36,0.92,,,,,-1.27,-1.49,1.89,0.62,-0.123
김민성,24, 2B,0.059,3,2,12.0,8,1,7,0,100.0,6.00,0.53,,0.04,,,,,,0.57,2.47,0.06,0.63,0.054
이대호,20, 1B,0.058,55,53,443.1,500,460,38,2,99.6,10.11,5.46,,-0.12,,-0.08,,,,5.26,5.26,-4.60,0.66,0.464
김사훈,19, C,0.057,3,0,6.0,5,5,0,0,100.0,7.50,0.00,,0.02,,,,0.27,0.27,0.56,26.67,0.02,0.58,0.054
허일,20, CF,0.056,2,2,14.0,4,4,0,0,100.0,2.57,0.62,,0.02,,,,,,0.63,1.52,0.00,0.63,0.056
손호영,24, 2B,0.055,17,14,102.1,54,22,32,0,100.0,4.75,-0.88,,0.35,0.63,,,,,0.10,0.40,0.49,0.59,0.009
신윤후,23, CF,0.054,4,1,12.0,5,5,0,0,100.0,3.75,0.95,-0.41,0.02,,,,,,0.56,2.86,0.00,0.56,0.054
황진수,19, 3B,0.053,5,0,9.1,1,0,1,0,100.0,0.96,0.19,,0.01,0.34,,,,,0.54,12.94,0.00,0.54,0.053
조홍석,19, LF,0.051,6,2,26.0,7,6,1,0,100.0,2.42,-0.10,0.72,0.03,,,,,,0.64,2.20,-0.12,0.52,0.063
나승엽,21, 1B,0.050,27,11,121.1,113,100,9,4,96.5,8.09,2.51,,-0.90,,,,,,1.61,3.86,-1.08,0.53,0.154
최항,24, 3B,0.049,2,0,3.0,1,0,1,0,100.0,3.00,0.51,,0.01,,,,,,0.52,2.13,0.00,0.52,0.049
추재현,21, RF,0.047,20,9,93.0,27,26,1,0,100.0,2.61,0.89,-0.07,0.13,,,,,,0.95,1.44,-0.46,0.49,0.091
정보근,20, C,0.046,80,57,416.1,379,349,28,2,99.5,8.15,0.24,,0.35,,-0.32,3.02,-2.66,-3.59,-2.98,-5.04,3.50,0.53,-0.263
김재유,20, RF,0.043,22,10,103.0,27,25,0,2,92.6,2.18,0.79,0.55,-0.37,,,,,,0.96,2.04,-0.47,0.49,0.085
고승민,22, RF,0.042,76,62,521.2,113,107,4,2,98.2,1.92,2.46,0.39,-0.04,,,,,,2.80,4.38,-2.37,0.43,0.273
민병헌,20, LF,0.041,6,1,20.2,7,7,0,0,100.0,3.05,0.87,-0.36,0.03,,,,,,0.53,0.71,-0.07,0.46,0.047
오윤석,19, 3B,0.036,5,1,15.1,7,3,3,1,85.7,3.52,0.23,,0.01,,0.12,,,,0.36,0.69,0.00,0.36,0.036
강로한,21, LF,0.036,2,1,11.0,7,7,0,0,100.0,5.73,0.51,-0.09,0.01,,,,,,0.42,2.89,-0.05,0.37,0.040
황성빈,24, RF,0.035,2,0,4.0,1,1,0,0,100.0,2.25,0.37,,0.01,,,,,,0.38,1.22,-0.01,0.37,0.036
안권수,23, CF,0.033,30,18,143.2,49,48,1,0,100.0,3.07,0.17,-0.02,0.19,,,,,,0.34,0.52,0.00,0.34,0.033
오선진,24, SS,0.030,1,0,2.0,1,0,1,0,100.0,4.50,0.28,,0.01,,,,,,0.29,5.26,0.02,0.31,0.028
한태양,22, 2B,0.028,2,0,5.0,1,1,0,0,100.0,1.80,0.28,,0.01,,,,,,0.28,1.07,0.01,0.29,0.027
배영빈,23, 3B,0.028,2,0,2.0,2,1,1,0,100.0,9.00,0.29,,0.01,0.00,,,,,0.29,2.35,0.00,0.29,0.028
추재현,21, CF,0.028,47,39,315.1,78,77,0,1,98.7,2.20,0.58,-0.12,-0.18,,,,,,0.29,0.44,0.00,0.29,0.028
김동한,20, SS,0.027,1,0,1.2,1,1,0,0,100.0,5.40,0.28,,0.00,,,,,,0.29,0.50,0.02,0.31,0.025
김동한,20, 3B,0.027,38,6,104.0,30,7,22,1,96.7,2.51,0.24,,0.06,0.14,-0.15,,,,0.30,0.53,0.00,0.30,0.027
조세진,22, LF,0.024,9,4,49.0,11,11,0,0,100.0,2.02,0.67,-0.29,0.07,,,,,,0.46,1.69,-0.21,0.25,0.045
안치홍,23, 2B,0.023,93,87,699.0,386,175,209,2,99.5,4.94,-5.60,,2.51,-0.25,,,,,-3.34,-3.98,3.58,0.24,-0.323
지성준,20, C,0.023,3,3,19.1,25,21,4,0,100.0,11.64,0.37,,0.06,,,-0.18,-1.18,0.92,0.00,-0.11,0.26,0.26,0.000
오선진,24, 3B,0.022,4,1,14.0,4,0,4,0,100.0,2.57,0.18,,0.05,,,,,,0.23,4.20,0.00,0.23,0.022
박승욱,24, 2B,0.021,17,4,51.0,34,15,19,0,100.0,6.00,-0.21,,0.18,,,,,,-0.04,-0.09,0.26,0.22,-0.003
레이예스,24, CF,0.020,1,0,2.0,2,2,0,0,100.0,9.00,0.21,,0.00,,,,,,0.21,0.51,0.00,0.21,0.020
김문호,19, RF,0.019,9,6,56.1,10,10,0,0,100.0,1.60,0.45,-0.10,0.10,,,,,,0.45,1.27,-0.25,0.20,0.044
김민수,22, RF,0.018,2,2,14.0,2,2,0,0,100.0,1.29,0.22,,0.02,,,,,,0.25,7.15,-0.06,0.19,0.024
안치홍,20, 1B,0.018,1,0,6.1,6,6,0,0,100.0,8.53,0.24,,0.01,,,,,,0.24,0.28,-0.04,0.20,0.021
김동혁,24, RF,0.016,2,0,4.2,1,1,0,0,100.0,1.93,0.05,0.12,0.01,,,,,,0.19,2.50,-0.02,0.17,0.018
한태양,22, 3B,0.014,6,1,20.0,6,1,5,0,100.0,2.70,0.13,,0.02,,,,,,0.15,0.55,0.00,0.15,0.014
오선진,24, 2B,0.014,3,2,16.0,6,1,5,0,100.0,3.38,0.03,,0.06,,,,,,0.09,1.56,0.06,0.15,0.008
오윤석,20, 1B,0.013,24,6,80.1,94,86,6,2,97.9,10.31,0.72,,0.07,,,,,,0.79,1.80,-0.64,0.15,0.069
김동한,19, SS,0.012,2,0,6.0,1,0,1,0,100.0,1.50,0.07,,0.01,,,,,,0.08,0.28,0.04,0.12,0.008
최종은,21, 2B,0.010,1,0,1.0,1,0,1,0,100.0,9.00,0.09,,0.00,,,,,,0.10,13.73,0.01,0.11,0.009
김민수,22, LF,0.010,1,0,2.0,0,0,0,0,,0.00,,0.11,0.00,,,,,,0.11,3.16,-0.01,0.10,0.011
윤수녕,23, LF,0.007,1,0,3.0,1,1,0,0,100.0,3.00,0.08,0.00,0.01,,,,,,0.08,4.07,-0.01,0.07,0.008
김재유,20, LF,0.005,1,1,7.0,1,1,0,0,100.0,1.29,0.08,,0.01,,,,,,0.09,0.19,-0.03,0.06,0.008
전병우,19, SS,0.005,3,1,8.0,2,0,2,0,100.0,2.25,-0.02,,0.01,,,,,,-0.01,-0.06,0.06,0.05,-0.001
국해성,23, LF,0.003,1,0,2.0,0,0,0,0,,0.00,0.04,,0.00,,,,,,0.04,1.03,-0.01,0.03,0.004
고승민,23, RF,0.003,30,15,141.2,24,24,0,0,100.0,1.52,0.62,-0.28,0.28,,,,,,0.62,0.95,-0.59,0.03,0.060
추재현,20, LF,0.002,1,1,9.0,0,0,0,0,,0.00,0.01,0.05,0.01,,,,,,0.07,0.74,-0.04,0.03,0.006
서동욱,24, C,0.002,4,0,10.0,8,7,1,0,100.0,7.20,0.00,,0.04,,,,-0.13,,-0.10,-2.76,0.12,0.02,-0.009
신용수,21, SS,0.002,1,0,1.0,0,0,0,0,,0.00,,,0.00,,,,,,0.00,0.00,0.02,0.02,0.000
신용수,22, CF,0.002,2,1,8.0,1,1,0,0,100.0,1.13,-0.05,0.05,0.01,,,,,,0.02,0.05,0.00,0.02,0.002
이호연,21, 2B,0.001,1,0,1.0,0,0,0,0,,0.00,,,0.00,,,,,,0.00,0.03,0.01,0.01,0.000
이학주,24, 3B,0.001,3,2,5.2,0,0,0,0,,0.00,-0.01,,0.02,,,,,,0.01,0.04,0.00,0.01,0.001
오윤석,21, P,0.000,1,0,0.2,0,0,0,0,,0.00,,,,,,,,,0.00,0.00,0.00,0.00,0.000
김민수,21, P,0.000,1,0,1.0,0,0,0,0,,0.00,,,,,,,,,0.00,0.00,0.00,0.00,0.000
오윤석,21, 3B,0.000,2,0,5.0,0,0,0,0,,0.00,-0.01,,0.00,,,,,,0.00,0.00,0.00,0.00,0.000
고승민,24, RF,0.000,4,3,24.0,8,8,0,0,100.0,3.00,0.31,-0.26,0.07,,,,,,0.13,0.44,-0.13,0.00,0.012
한동희,21, 2B,-0.001,2,0,3.0,0,0,0,0,,0.00,-0.02,,0.00,,,,,,-0.02,-0.02,0.01,-0.01,-0.002
정훈,24, LF,-0.001,1,0,2.0,0,0,0,0,,0.00,,,0.00,,,,,,0.00,0.01,-0.01,-0.01,0.000
장두성,23, RF,-0.001,1,0,1.0,0,0,0,0,,0.00,,,0.00,,,,,,0.00,0.01,-0.01,-0.01,0.000
장두성,21, LF,-0.001,1,0,2.0,0,0,0,0,,0.00,,,0.00,,,,,,0.00,0.01,-0.01,-0.01,0.000
신본기,20, 2B,-0.001,23,8,93.1,45,13,32,0,100.0,4.34,-0.75,,0.09,0.29,,,,,-0.37,-0.66,0.36,-0.01,-0.033
허일,20, 1B,-0.002,2,0,2.2,0,0,0,0,,0.00,0.00,,0.00,,,,,,0.00,0.01,-0.02,-0.02,0.000
김민석,24, LF,-0.003,18,13,121.0,36,35,1,0,100.0,2.68,0.78,-0.39,0.14,,,,,,0.53,3.05,-0.56,-0.03,0.050
김세민,22, SS,-0.003,1,0,4.0,3,1,2,0,100.0,6.75,0.01,,0.01,-0.07,,,,,-0.05,-1.83,0.02,-0.03,-0.005
추재현,20, RF,-0.003,2,1,8.1,1,1,0,0,100.0,1.08,-0.18,0.17,0.01,,,,,,0.00,0.01,-0.04,-0.04,0.000
신본기,20, 3B,-0.005,35,9,122.1,30,8,20,2,93.3,2.06,0.04,,0.07,-0.29,0.12,,,,-0.06,-0.10,0.00,-0.06,-0.005
전병우,19, 3B,-0.006,3,1,12.0,1,0,1,0,100.0,0.75,0.05,,0.01,-0.12,,,,,-0.06,-0.29,0.00,-0.06,-0.006
손호영,24, 3B,-0.006,18,13,117.0,44,12,27,5,88.6,3.00,1.13,,-1.05,-0.14,,,,,-0.07,-0.28,0.00,-0.07,-0.006
정훈,19, CF,-0.008,27,17,156.1,45,43,0,2,95.6,2.48,1.19,-0.98,-0.29,,,,,,-0.08,-0.13,0.00,-0.08,-0.008
신용수,20, RF,-0.009,4,2,17.0,2,2,0,0,100.0,1.06,-0.31,0.24,0.02,,,,,,-0.04,-1.08,-0.07,-0.11,-0.003
정훈,19, 1B,-0.010,42,25,238.2,233,218,14,1,99.6,8.75,1.82,,0.23,,0.03,,,,2.08,3.41,-2.18,-0.10,0.204
신본기,19, 3B,-0.010,3,2,15.0,2,1,1,0,100.0,1.20,-0.31,,0.01,0.41,-0.22,,,,-0.10,-0.12,0.00,-0.10,-0.010
이찬건,19, CF,-0.012,2,0,6.0,1,1,0,0,100.0,1.50,-0.13,,0.01,,,,,,-0.13,-9.08,0.00,-0.13,-0.012
서동욱,23, C,-0.013,1,1,6.0,5,5,0,0,100.0,7.50,0.00,,0.02,,,-0.29,-0.27,0.36,-0.18,-1.98,0.05,-0.13,-0.017
김민수,22, SS,-0.014,6,2,23.0,9,6,2,1,88.9,3.13,0.12,,-0.45,,,,,,-0.33,-0.82,0.18,-0.15,-0.032
김민수,22, 1B,-0.017,17,10,92.0,110,97,12,1,99.1,10.66,0.39,,0.07,,0.15,,,,0.61,1.53,-0.78,-0.17,0.059
문규현,19, 1B,-0.017,6,1,13.0,16,15,1,0,100.0,11.08,-0.11,,0.01,,,,,,-0.10,-0.35,-0.08,-0.18,-0.009
고승민,24, LF,-0.018,13,12,86.0,19,17,2,0,100.0,1.99,-0.38,0.54,0.10,,,,,,0.26,0.91,-0.45,-0.19,0.025
한동희,22, 1B,-0.021,1,1,8.0,12,11,1,0,100.0,13.50,-0.14,,0.01,,,,,,-0.13,-0.15,-0.08,-0.21,-0.013
김세민,22, 2B,-0.023,3,0,9.0,3,0,3,0,100.0,3.00,-0.27,,0.01,,,,,,-0.26,-9.48,0.03,-0.23,-0.026
최민재,21, CF,-0.024,6,3,23.0,7,7,0,0,100.0,2.74,-0.13,-0.14,0.02,,,,,,-0.25,-1.73,0.00,-0.25,-0.024
정준혁,19, LF,-0.025,3,2,22.0,2,2,0,0,100.0,0.82,-0.37,0.17,0.02,,,,,,-0.18,-4.29,-0.08,-0.26,-0.017
오윤석,21, 2B,-0.026,8,5,51.0,27,9,17,1,96.3,4.59,-0.84,,0.06,0.28,,,,,-0.50,-0.74,0.22,-0.28,-0.048
손아섭,19, RF,-0.027,129,125,1066.2,261,251,6,4,98.5,2.17,5.12,0.27,-0.16,,,,,,5.23,5.62,-5.50,-0.27,0.512
피터스,22, RF,-0.027,24,13,125.0,24,23,0,1,95.8,1.66,0.87,-0.34,-0.26,,,,,,0.27,0.46,-0.55,-0.28,0.026
강로한,19, 2B,-0.028,38,33,264.2,183,60,118,5,97.3,6.05,0.12,,-0.63,-0.86,,,,,-1.37,-1.89,1.08,-0.29,-0.134
한동희,21, 1B,-0.029,3,1,9.1,13,13,0,0,100.0,12.54,-0.22,,0.01,,,,,,-0.21,-0.23,-0.10,-0.31,-0.020
이주찬,21, 2B,-0.035,1,1,9.0,5,3,2,0,100.0,5.00,-0.21,,0.01,-0.20,,,,,-0.40,-19.30,0.04,-0.36,-0.038
윤수녕,23, RF,-0.036,2,1,10.0,1,1,0,0,100.0,0.90,-0.02,-0.34,0.02,,,,,,-0.34,-16.23,-0.03,-0.37,-0.033
허일,19, 1B,-0.037,5,1,15.1,16,14,2,0,100.0,9.39,-0.29,,0.01,,,,,,-0.28,-0.56,-0.10,-0.38,-0.027
이학주,23, SS,-0.037,53,16,178.1,91,30,56,5,94.5,4.34,-0.47,,-0.40,-0.76,,,,,-1.63,-2.25,1.24,-0.39,-0.158
신윤후,23, LF,-0.039,17,5,60.0,15,13,0,2,86.7,1.95,0.67,0.01,-0.88,,,,,,-0.20,-1.03,-0.20,-0.40,-0.019
추재현,21, LF,-0.039,29,20,177.0,39,35,3,1,97.4,1.93,1.42,-0.65,-0.34,,,,,,0.43,0.65,-0.84,-0.41,0.041
윤동희,24, CF,-0.040,45,42,366.0,105,103,1,1,99.0,2.56,-1.15,0.61,0.12,,,,,,-0.42,-1.05,0.00,-0.42,-0.040
김민수,23, 2B,-0.041,1,0,2.0,1,0,1,0,100.0,4.50,-0.44,,0.01,,,,,,-0.43,-2.47,0.01,-0.42,-0.041
추재현,22, 1B,-0.041,1,1,9.0,7,7,0,0,100.0,7.00,-0.34,,0.01,,,,,,-0.34,-1.47,-0.08,-0.42,-0.033
문규현,19, SS,-0.042,14,3,34.0,19,6,12,1,94.7,4.76,-0.82,,0.05,0.08,,,,,-0.69,-2.50,0.26,-0.43,-0.068
손성빈,21, C,-0.046,12,3,37.2,36,33,3,0,100.0,8.60,0.00,,0.12,,,-0.12,-0.76,-0.13,-0.89,-6.41,0.41,-0.48,-0.085
한동희,20, 1B,-0.047,31,11,130.0,143,136,6,1,99.3,9.83,0.36,,0.12,,0.06,,,,0.53,0.56,-1.06,-0.53,0.047
박승욱,22, SS,-0.048,64,49,419.2,203,81,113,9,95.6,4.16,-3.81,,-0.27,0.03,,,,,-4.05,-5.83,3.56,-0.49,-0.395
정훈,19, 2B,-0.048,1,0,2.0,2,1,0,1,50.0,4.50,-0.02,,-0.49,,,,,,-0.51,-0.84,0.02,-0.49,-0.050
이학주,23, 3B,-0.049,53,13,162.2,54,16,35,3,94.4,2.82,0.81,,-0.95,-0.45,0.09,,,,-0.50,-0.70,0.00,-0.50,-0.049
정보근,21, C,-0.049,11,7,54.0,48,41,6,1,97.9,7.83,-0.05,,-0.32,,-0.04,0.00,-1.07,0.49,-0.99,-13.02,0.48,-0.51,-0.095
고승민,24, 1B,-0.051,4,0,9.0,10,9,1,0,100.0,10.00,-0.48,,0.02,,,,,,-0.46,-1.61,-0.08,-0.54,-0.044
전병우,19, 2B,-0.053,4,2,16.1,6,1,4,1,83.3,2.76,-0.64,,0.02,,,,,,-0.62,-3.06,0.08,-0.54,-0.060
김동한,19, 2B,-0.053,22,14,124.0,67,26,39,2,97.0,4.72,-0.94,,-0.33,0.17,,,,,-1.09,-3.74,0.55,-0.54,-0.107
김민수,21, 1B,-0.056,22,9,96.1,104,94,10,0,100.0,9.72,0.08,,0.08,,0.07,,,,0.23,0.40,-0.82,-0.59,0.022
장두성,22, CF,-0.057,36,3,93.1,19,19,0,0,100.0,1.83,-0.22,-0.49,0.13,,,,,,-0.58,-1.58,0.00,-0.58,-0.057
장두성,24, LF,-0.058,5,1,15.0,3,3,0,0,100.0,1.80,-0.58,,0.02,,,,,,-0.56,-3.36,-0.05,-0.61,-0.053
강로한,21, CF,-0.058,14,6,68.2,28,27,0,1,96.4,3.54,-0.54,-0.14,0.07,,,,,,-0.61,-4.18,0.00,-0.61,-0.058
렉스,22, 1B,-0.058,1,1,5.0,5,5,0,0,100.0,9.00,-0.54,,0.00,,,,,,-0.54,-1.38,-0.06,-0.60,-0.053
김재유,21, RF,-0.060,5,1,16.0,3,3,0,0,100.0,1.69,-0.89,0.30,0.02,,,,,,-0.57,-0.94,-0.06,-0.63,-0.055
노진혁,24, SS,-0.062,15,11,80.2,38,17,19,2,94.7,4.02,-1.44,,0.32,-0.32,,,,,-1.45,-7.73,0.80,-0.65,-0.137
배성근,19, 2B,-0.062,14,5,61.0,37,16,20,1,97.3,5.31,-1.52,,0.08,0.56,,,,,-0.88,-3.51,0.24,-0.64,-0.086
배영빈,23, 2B,-0.064,5,0,6.0,3,1,1,1,66.7,3.00,-0.69,,0.02,,,,,,-0.67,-5.39,0.01,-0.66,-0.065
나승엽,21, 3B,-0.068,21,13,110.0,24,7,16,1,95.8,1.88,-1.04,,0.08,0.34,-0.09,,,,-0.71,-1.70,0.00,-0.71,-0.068
전준우,20, LF,-0.070,139,136,1154.2,288,274,9,5,98.3,2.21,7.29,-0.94,-1.09,,,,,,5.26,5.30,-6.06,-0.80,0.464
신용수,22, RF,-0.071,24,10,95.0,14,14,0,0,100.0,1.33,-0.23,-0.30,0.17,,,,,,-0.36,-1.04,-0.37,-0.73,-0.035
김민수,23, 1B,-0.072,9,6,48.0,40,39,1,0,100.0,7.50,-0.47,,0.11,,,,,,-0.36,-2.10,-0.38,-0.74,-0.035
허일,19, CF,-0.077,15,13,96.0,19,18,0,1,94.7,1.69,-0.64,0.22,-0.37,,,,,,-0.79,-1.60,0.00,-0.79,-0.077
김민석,24, CF,-0.078,3,3,23.1,10,10,0,0,100.0,3.86,-0.56,-0.31,0.04,,,,,,-0.82,-4.75,0.00,-0.82,-0.078
정훈,20, 1B,-0.081,52,42,373.2,374,342,31,1,99.7,8.98,2.55,,0.33,,0.06,,,,2.95,3.82,-3.86,-0.91,0.260
허일,19, LF,-0.082,8,3,27.0,6,6,0,0,100.0,2.00,-0.81,0.08,0.03,,,,,,-0.71,-1.43,-0.13,-0.84,-0.069
고승민,24, 2B,-0.082,27,23,197.1,98,34,63,1,99.0,4.42,-1.40,,0.68,-1.16,,,,,-1.88,-6.61,1.02,-0.86,-0.179
박승욱,23, 1B,-0.082,2,0,2.0,1,1,0,0,100.0,4.50,-0.83,,0.00,,,,,,-0.83,-0.97,-0.02,-0.85,-0.080
윌슨,19, 2B,-0.086,4,2,15.2,11,5,6,0,100.0,6.32,-0.85,,0.02,-0.12,,,,,-0.94,-2.00,0.06,-0.88,-0.092
김문호,19, LF,-0.088,8,3,30.0,9,9,0,0,100.0,2.70,-1.01,0.19,0.03,,,,,,-0.79,-2.23,-0.11,-0.90,-0.077
윤동희,24, RF,-0.089,12,12,91.1,21,21,0,0,100.0,2.07,-0.80,0.09,0.28,,,,,,-0.43,-1.07,-0.51,-0.94,-0.040
신용수,21, 3B,-0.090,2,1,8.0,5,2,2,1,80.0,4.50,-0.55,,0.01,-0.39,,,,,-0.94,-1.91,0.00,-0.94,-0.090
김민수,23, 3B,-0.090,11,8,69.0,19,5,12,2,89.5,2.22,-0.61,,-0.27,-0.15,0.10,,,,-0.93,-5.36,0.00,-0.93,-0.090
조세진,22, RF,-0.093,23,16,143.1,29,27,1,1,96.6,1.76,-0.83,0.69,-0.23,,,,,,-0.36,-1.34,-0.59,-0.95,-0.035
배성근,22, 2B,-0.093,19,7,84.1,46,15,30,1,97.8,4.80,-0.56,,-0.39,-0.32,,,,,-1.26,-8.23,0.30,-0.96,-0.123
민병헌,19, RF,-0.096,5,2,24.0,7,7,0,0,100.0,2.63,-0.42,-0.49,0.04,,,,,,-0.87,-1.24,-0.11,-0.98,-0.085
김동혁,24, CF,-0.098,7,0,12.0,4,3,0,1,75.0,2.25,-0.08,-0.48,-0.48,,,,,,-1.03,-13.50,0.00,-1.03,-0.098
배성근,21, 2B,-0.098,26,7,92.0,59,25,31,3,94.9,5.48,-0.16,,-0.38,-0.80,,,,,-1.34,-2.48,0.32,-1.02,-0.129
강로한,20, CF,-0.101,9,2,34.0,7,6,0,1,85.7,1.59,-0.38,-0.28,-0.48,,,,,,-1.14,-10.28,0.00,-1.14,-0.101
윤동희,23, LF,-0.101,8,2,23.1,4,4,0,0,100.0,1.54,-1.12,0.11,0.04,,,,,,-0.97,-1.30,-0.08,-1.05,-0.094
장두성,21, RF,-0.102,3,1,12.0,1,1,0,0,100.0,0.75,-1.18,0.13,0.02,,,,,,-1.03,-3.45,-0.03,-1.06,-0.099
최항,24, 1B,-0.103,7,1,15.1,9,9,0,0,100.0,5.28,-1.00,,0.03,,,,,,-0.96,-3.96,-0.12,-1.08,-0.091
김재유,21, LF,-0.103,9,1,22.0,9,8,0,1,88.9,3.27,-1.09,0.06,0.02,,,,,,-1.01,-1.67,-0.07,-1.08,-0.097
구드럼,23, LF,-0.104,1,1,6.0,0,0,0,0,,0.00,-1.05,,0.01,,,,,,-1.04,-2.99,-0.04,-1.08,-0.101
구드럼,23, RF,-0.110,1,1,5.0,3,3,0,0,100.0,5.40,-0.79,-0.32,0.01,,,,,,-1.11,-3.19,-0.03,-1.14,-0.107
고승민,23, LF,-0.111,2,2,14.0,3,3,0,0,100.0,1.93,-0.74,-0.35,0.03,,,,,,-1.06,-1.62,-0.09,-1.15,-0.103
김동한,20, RF,-0.112,2,0,2.0,2,0,0,2,0.0,0.00,-0.08,-0.15,-1.03,,,,,,-1.25,-2.20,-0.01,-1.26,-0.111
이정훈,23, 1B,-0.123,3,2,17.0,18,15,3,0,100.0,9.53,-1.18,,0.04,,0.05,,,,-1.09,-2.65,-0.18,-1.27,-0.105
구드럼,23, 3B,-0.123,38,29,274.0,80,21,51,8,90.0,2.36,-1.27,,-0.59,0.47,0.12,,,,-1.27,-3.66,0.00,-1.27,-0.123
이대호,22, 1B,-0.128,8,7,62.2,69,58,11,0,100.0,9.91,-0.80,,0.05,,0.15,,,,-0.61,-0.62,-0.70,-1.31,-0.060
나승엽,24, 1B,-0.128,35,33,281.0,305,280,22,3,99.0,9.67,0.96,,0.62,,-0.24,,,,1.35,5.24,-2.70,-1.35,0.128
이병규,21, 1B,-0.129,3,2,17.0,17,17,0,0,100.0,9.00,-1.16,,0.01,,,,,,-1.15,-5.69,-0.20,-1.35,-0.110
강로한,19, 3B,-0.134,27,23,183.1,60,18,39,3,95.0,2.80,-0.57,,0.16,-0.86,-0.11,,,,-1.37,-1.90,0.00,-1.37,-0.134
배성근,19, SS,-0.135,5,2,18.2,10,2,8,0,100.0,4.82,-1.06,,0.03,-0.49,,,,,-1.52,-6.07,0.14,-1.38,-0.149
정대선,23, 2B,-0.139,18,11,101.0,40,14,26,0,100.0,3.56,-1.55,,0.36,-0.68,,,,,-1.86,-14.13,0.43,-1.43,-0.181
배성근,21, 3B,-0.140,7,0,8.1,1,0,1,0,100.0,1.08,-1.47,,0.01,,,,,,-1.46,-2.69,0.00,-1.46,-0.140
한태양,22, SS,-0.146,29,19,162.0,84,29,50,5,94.0,4.39,-4.87,,0.27,1.87,,,,,-2.73,-10.36,1.24,-1.49,-0.267
최민재,21, LF,-0.150,8,3,37.0,4,4,0,0,100.0,0.97,-1.59,0.12,0.03,,,,,,-1.44,-9.86,-0.13,-1.57,-0.138
허일,19, RF,-0.151,9,2,25.0,3,3,0,0,100.0,1.08,-1.06,-0.44,0.04,,,,,,-1.46,-2.95,-0.09,-1.55,-0.143
오윤석,20, 3B,-0.159,8,8,57.0,9,2,6,1,88.9,1.26,-1.98,,0.03,0.14,,,,,-1.80,-4.12,0.00,-1.80,-0.159
전준우,23, 1B,-0.163,3,3,26.2,30,27,2,1,96.7,9.79,-1.11,,0.06,,-0.38,,,,-1.43,-1.49,-0.26,-1.69,-0.138
오윤석,20, 2B,-0.167,31,27,224.1,113,52,57,4,96.5,4.37,-2.85,,0.21,-0.43,,,,,-3.07,-7.01,1.17,-1.90,-0.270
한동희,19, 1B,-0.169,10,6,54.2,52,46,5,1,98.1,8.40,-1.28,,0.05,,,,,,-1.22,-2.98,-0.50,-1.72,-0.120
이학주,23, 2B,-0.170,4,1,9.0,8,5,2,1,87.5,7.00,-1.81,,0.03,,,,,,-1.77,-2.46,0.02,-1.75,-0.172
구드럼,23, 2B,-0.173,1,1,8.0,4,2,1,1,75.0,3.38,-1.36,,-0.47,,,,,,-1.83,-5.27,0.04,-1.79,-0.177
박승욱,24, SS,-0.176,30,20,173.1,93,22,64,7,92.5,4.47,-3.57,,-1.31,1.48,,,,,-3.40,-8.44,1.54,-1.86,-0.322
노진혁,24, 1B,-0.177,3,2,17.0,17,15,1,1,94.1,8.47,-1.27,,-0.46,,,,,,-1.73,-9.23,-0.14,-1.87,-0.164
채태인,19, 1B,-0.178,53,45,342.1,364,338,25,1,99.7,9.54,1.13,,0.33,,,,,,1.46,3.57,-3.28,-1.82,0.143
황성빈,24, CF,-0.178,16,14,106.0,16,16,0,0,100.0,1.36,-1.59,-0.47,0.18,,,,,,-1.88,-6.01,0.00,-1.88,-0.178
이대호,19, 1B,-0.184,21,20,147.2,158,140,17,1,99.4,9.57,-0.49,,0.14,,0.03,,,,-0.32,-0.34,-1.56,-1.88,-0.031
이호연,22, SS,-0.189,9,5,42.0,25,8,17,0,100.0,5.36,-2.70,,0.07,0.33,,,,,-2.30,-3.76,0.36,-1.94,-0.224
윤동희,22, 1B,-0.194,4,4,28.0,36,32,3,1,97.2,11.25,-1.89,,0.02,,0.15,,,,-1.72,-61.99,-0.26,-1.98,-0.168
이정훈,23, LF,-0.203,11,9,63.0,19,18,0,1,94.7,2.57,-0.67,-0.73,-0.38,,,,,,-1.78,-4.34,-0.32,-2.10,-0.172
렉스,23, LF,-0.204,18,17,134.0,31,30,1,0,100.0,2.08,-1.73,0.11,0.25,,,,,,-1.38,-3.60,-0.73,-2.11,-0.133
이병규,20, 1B,-0.217,33,32,236.2,235,223,10,2,99.1,8.86,0.23,,0.21,,-0.44,,,,0.00,-0.01,-2.46,-2.46,0.000
정훈,19, RF,-0.217,8,0,15.0,1,1,0,0,100.0,0.60,-2.01,-0.19,0.03,,,,,,-2.18,-3.57,-0.04,-2.22,-0.213
안중열,22, C,-0.223,31,20,186.2,172,151,17,4,97.7,8.10,0.26,,-1.37,,0.43,0.06,-1.17,-2.35,-4.13,-18.03,1.85,-2.28,-0.403
정훈,21, CF,-0.228,18,16,124.1,18,17,1,0,100.0,1.30,-2.94,0.43,0.13,,,,,,-2.38,-2.54,0.00,-2.38,-0.228
고승민,19, 2B,-0.229,29,19,185.0,116,49,65,2,98.3,5.55,-2.88,,0.25,-0.59,,,,,-3.21,-15.43,0.87,-2.34,-0.315
김민수,22, 2B,-0.234,18,14,109.0,60,24,34,2,96.7,4.79,-3.31,,0.13,0.31,,,,,-2.88,-7.27,0.48,-2.40,-0.281
피터스,22, CF,-0.235,75,72,630.2,144,140,2,2,98.6,2.03,-2.50,-0.30,0.39,,,,,,-2.40,-4.07,0.00,-2.40,-0.235
렉스,23, RF,-0.255,23,23,189.1,33,31,0,2,93.9,1.47,-1.08,0.05,-0.62,,,,,,-1.65,-4.31,-0.99,-2.64,-0.159
김민수,19, 3B,-0.258,11,10,89.0,23,9,13,1,95.7,2.22,-2.46,,0.08,-0.37,0.12,,,,-2.63,-34.49,0.00,-2.63,-0.258
손호영,24, SS,-0.259,6,4,39.0,18,8,9,1,94.4,3.92,-3.03,,0.15,-0.23,,,,,-3.11,-13.16,0.38,-2.73,-0.295
배성근,21, SS,-0.266,34,14,162.1,74,36,34,4,94.6,3.88,-1.68,,0.26,-2.76,,,,,-4.18,-7.72,1.40,-2.78,-0.400
렉스,22, RF,-0.266,29,17,171.0,22,22,0,0,100.0,1.16,-1.39,-0.76,0.30,,,,,,-1.85,-4.75,-0.88,-2.73,-0.180
신용수,21, RF,-0.268,13,2,32.0,3,3,0,0,100.0,0.84,-2.22,-0.50,0.04,,,,,,-2.68,-5.44,-0.12,-2.80,-0.257
전준우,24, LF,-0.271,18,18,149.1,43,41,1,1,97.7,2.53,-2.35,0.57,-0.32,,,,,,-2.10,-7.58,-0.75,-2.85,-0.200
추재현,22, RF,-0.274,16,13,115.0,18,17,0,1,94.4,1.33,-2.43,0.39,-0.28,,,,,,-2.32,-10.13,-0.48,-2.80,-0.227
윤동희,23, CF,-0.275,14,8,69.1,23,22,0,1,95.7,2.86,-2.25,-0.19,-0.40,,,,,,-2.84,-3.83,0.00,-2.84,-0.275
신용수,19, SS,-0.277,11,2,36.0,17,4,9,4,76.5,3.25,-2.79,,0.05,-0.29,,,,,-3.03,-25.70,0.20,-2.83,-0.297
오윤석,21, 1B,-0.287,16,10,92.0,92,84,7,1,98.9,8.90,-2.21,,0.08,,,,,,-2.14,-3.17,-0.86,-3.00,-0.204
김재유,21, CF,-0.294,55,38,339.1,94,88,3,3,96.8,2.41,-2.38,-0.05,-0.65,,,,,,-3.08,-5.09,0.00,-3.08,-0.294
한동희,24, 3B,-0.295,6,6,32.1,10,1,7,2,80.0,2.23,-2.09,,-0.87,-0.41,0.26,,,,-3.11,-31.99,0.00,-3.11,-0.295
안치홍,22, 1B,-0.295,40,24,235.0,245,225,19,1,99.6,9.34,-1.28,,0.18,,0.38,,,,-0.73,-0.79,-2.30,-3.03,-0.071
김민수,21, 2B,-0.300,35,23,205.1,114,51,60,3,97.4,4.87,-5.74,,0.26,1.41,,,,,-4.07,-7.14,0.93,-3.14,-0.389
전준우,22, 1B,-0.303,12,9,71.1,58,54,4,0,100.0,7.32,-2.21,,0.05,,-0.25,,,,-2.41,-2.89,-0.70,-3.11,-0.235
이호연,22, 2B,-0.340,20,10,114.0,62,24,36,2,96.8,4.74,-3.44,,0.13,-0.68,,,,,-3.99,-6.53,0.51,-3.48,-0.389
레이예스,24, RF,-0.341,40,40,331.2,69,66,0,3,95.7,1.79,-1.45,0.07,-0.46,,,,,,-1.84,-4.42,-1.75,-3.59,-0.175
박승욱,23, 3B,-0.351,39,22,190.2,39,8,29,2,94.9,1.75,-3.21,,-0.36,-0.15,0.09,,,,-3.63,-4.25,0.00,-3.63,-0.351
이학주,22, SS,-0.362,86,68,616.0,331,119,200,12,96.4,4.66,-6.24,,-0.43,-2.16,,,,,-8.83,-13.97,5.12,-3.71,-0.862
구드럼,23, SS,-0.371,14,13,90.0,43,13,26,4,90.7,3.90,-4.66,,-0.20,0.10,,,,,-4.76,-13.70,0.92,-3.84,-0.460
이학주,24, SS,-0.377,36,25,228.1,103,37,64,2,98.1,3.98,-5.10,,0.40,-1.27,,,,,-5.97,-23.23,2.00,-3.97,-0.566
전준우,23, LF,-0.383,44,40,309.1,77,74,2,1,98.7,2.21,-2.15,-0.26,0.08,,,,,,-2.33,-2.43,-1.62,-3.95,-0.226
배성근,19, 3B,-0.388,12,3,33.1,5,2,1,2,60.0,0.81,-3.99,,0.03,,,,,,-3.96,-15.86,0.00,-3.96,-0.388
정훈,22, 1B,-0.393,77,74,614.2,606,561,43,2,99.7,8.84,2.09,,-0.02,,0.21,,,,2.28,3.61,-6.30,-4.02,0.223
박승욱,24, 3B,-0.393,25,11,118.2,29,9,19,1,96.6,2.12,-5.54,,0.44,0.59,0.37,,,,-4.14,-10.29,0.00,-4.14,-0.393
김문호,19, CF,-0.396,18,12,99.1,20,19,0,1,95.0,1.72,-3.50,-0.18,-0.37,,,,,,-4.05,-11.43,0.00,-4.05,-0.396
장두성,21, CF,-0.430,35,7,100.0,16,15,0,1,93.8,1.35,-4.25,0.15,-0.40,,,,,,-4.49,-15.04,0.00,-4.49,-0.430
허일,20, RF,-0.430,16,6,66.1,8,8,0,0,100.0,1.09,-3.77,-0.92,0.09,,,,,,-4.60,-11.03,-0.28,-4.88,-0.405
한동희,19, 3B,-0.435,45,40,346.1,112,29,75,8,92.9,2.70,-4.55,,0.31,-0.32,0.11,,,,-4.45,-10.86,0.00,-4.45,-0.435
손아섭,20, RF,-0.444,126,123,1056.2,239,234,4,1,99.6,2.03,-0.39,0.02,0.93,,,,,,0.56,0.57,-5.60,-5.04,0.050
이대호,21, 1B,-0.450,18,15,118.1,118,107,9,2,98.3,8.82,-3.13,,-0.40,,0.07,,,,-3.47,-4.38,-1.24,-4.71,-0.331
이주찬,24, 3B,-0.504,10,5,46.1,16,3,9,4,75.0,2.33,-3.90,,-0.82,-0.60,,,,,-5.32,-54.71,0.00,-5.32,-0.504
안치홍,23, 1B,-0.519,34,22,211.0,214,201,11,2,99.1,9.04,-3.34,,-0.01,,0.05,,,,-3.30,-3.93,-2.06,-5.36,-0.320
민병헌,21, CF,-0.520,12,11,88.1,17,17,0,0,100.0,1.73,-4.63,-0.90,0.09,,,,,,-5.44,-55.91,0.00,-5.44,-0.520
정훈,24, 1B,-0.529,26,24,206.0,205,185,18,2,99.0,8.87,-3.58,,-0.04,,0.10,,,,-3.52,-13.34,-2.06,-5.58,-0.334
윌슨,19, 3B,-0.533,51,48,415.0,109,35,70,4,96.3,2.28,-6.84,,0.37,1.14,-0.12,,,,-5.45,-11.53,0.00,-5.45,-0.533
정훈,21, 1B,-0.536,100,94,796.2,791,746,44,1,99.9,8.92,2.51,,0.16,,-0.09,,,,2.58,2.75,-8.18,-5.60,0.247
황성빈,22, LF,-0.600,36,21,207.1,44,42,0,2,95.5,1.82,-3.37,-1.17,-0.66,,,,,,-5.20,-7.34,-0.95,-6.15,-0.508
고승민,23, 1B,-0.606,62,54,449.2,429,390,37,2,99.5,8.55,-2.39,,0.53,,0.10,,,,-1.76,-2.69,-4.50,-6.26,-0.170
김준태,19, C,-0.665,42,26,236.0,231,216,13,2,99.1,8.73,0.25,,-0.28,,0.01,-1.30,-3.38,-4.57,-9.26,-31.02,2.47,-6.79,-0.907
민병헌,20, CF,-0.682,97,69,641.2,166,164,2,0,100.0,2.33,-8.67,0.25,0.70,,,,,,-7.73,-10.21,0.00,-7.73,-0.682
신용수,21, CF,-0.682,39,24,212.0,48,46,1,1,97.9,2.00,-6.47,-0.38,-0.28,,,,,,-7.13,-14.47,0.00,-7.13,-0.682
정훈,20, CF,-0.682,52,49,394.1,99,95,3,1,99.0,2.24,-7.06,-0.59,-0.09,,,,,,-7.74,-10.04,0.00,-7.74,-0.682
한동희,23, 1B,-0.692,22,10,107.2,107,99,5,3,97.2,8.69,-6.01,,-0.25,,0.05,,,,-6.20,-8.27,-0.94,-7.14,-0.601
강로한,19, SS,-0.694,52,28,261.2,135,45,78,12,91.1,4.23,-11.35,,0.36,1.76,,,,,-9.23,-12.78,2.14,-7.09,-0.903
안치홍,21, 2B,-0.716,110,108,908.2,476,176,290,10,97.9,4.62,-11.64,,0.15,-0.69,,,,,-12.18,-14.74,4.69,-7.49,-1.165
한동희,23, 3B,-0.814,77,72,574.0,148,43,96,9,93.9,2.18,-10.17,,1.39,0.29,0.09,,,,-8.40,-11.20,0.00,-8.40,-0.814
민병헌,19, CF,-0.881,97,90,775.0,201,194,5,2,99.0,2.31,-9.39,-0.10,0.49,,,,,,-9.00,-12.83,0.00,-9.00,-0.881
안치홍,22, 2B,-0.952,105,102,825.0,443,170,262,11,97.5,4.71,-15.90,,0.96,0.86,,,,,-14.08,-15.36,4.33,-9.75,-1.374
안치홍,20, 2B,-0.956,114,106,913.0,501,179,308,14,97.2,4.80,-15.93,,0.33,0.36,,,,,-15.24,-17.70,4.40,-10.84,-1.344
한동희,22, 3B,-0.983,117,112,975.0,250,54,177,19,92.4,2.13,-9.97,,0.36,-0.42,-0.04,,,,-10.07,-11.24,0.00,-10.07,-0.983
황성빈,22, CF,-0.991,54,49,388.2,100,94,1,5,95.0,2.20,-9.35,0.59,-1.39,,,,,,-10.15,-14.32,0.00,-10.15,-0.991
손아섭,21, RF,-0.997,134,131,1118.0,232,222,5,5,97.8,1.83,-3.44,-0.11,-0.95,,,,,,-4.50,-4.66,-5.93,-10.43,-0.430
오윤석,19, 1B,-1.064,55,26,291.0,257,231,23,3,98.8,7.86,-8.20,,-0.21,,0.14,,,,-8.27,-15.67,-2.60,-10.87,-0.809
전준우,19, LF,-1.327,134,133,1148.0,244,233,7,4,98.4,1.88,-5.39,-1.96,-0.37,,,,,,-7.73,-7.89,-5.83,-13.56,-0.756
정훈,23, 1B,-1.411,65,47,410.1,372,344,23,5,98.7,8.05,-10.70,,0.44,,-0.29,,,,-10.56,-19.00,-4.02,-14.58,-1.022
전준우,21, LF,-1.450,116,116,969.0,239,233,6,0,100.0,2.22,-9.80,-1.06,0.88,,,,,,-9.98,-9.98,-5.18,-15.16,-0.954
김민석,23, CF,-1.567,125,107,933.2,247,243,3,1,99.6,2.37,-16.78,-0.17,0.77,,,,,,-16.19,-18.07,0.00,-16.19,-1.567
전준우,22, LF,-1.671,104,99,854.0,166,162,2,2,98.8,1.73,-12.08,-0.95,0.32,,,,,,-12.71,-15.26,-4.40,-17.11,-1.241
구승민,22, P,,72,0,62.0,8,2,6,0,100.0,1.16,,,,,,,,,0.00,,,,0.000
나균안,22, P,,39,13,117.2,23,8,13,2,91.3,1.61,,,,,,,,,0.00,,,,0.000
오현택,19, P,,15,0,12.2,3,1,2,0,100.0,2.13,,,,,,,,,0.00,0.00,,,0.000
신용수,20, 3B,,1,0,0.1,0,0,0,0,,0.00,,,0.00,,,,,,0.00,0.01,,,0.000
최영환,19, P,,14,0,19.2,5,4,1,0,100.0,2.29,,,,,,,,,0.00,0.00,,,0.000
신용수,19, C,,1,0,1.0,0,0,0,0,,0.00,0.00,,0.00,,,,-0.47,-0.08,-0.54,-4.58,,,-0.053
김원중,21, P,,61,0,62.2,8,2,5,1,87.5,1.01,,,,,,,,,0.00,0.00,,,0.000
김동혁,23, CF,,2,0,2.0,0,0,0,0,,0.00,,,0.00,,,,,,0.00,0.03,,,0.000
신윤후,24, CF,,1,0,1.0,0,0,0,0,,0.00,,,0.00,,,,,,0.00,0.02,,,0.000
나균안,21, P,,23,7,46.1,8,0,8,0,100.0,1.55,,,,,,,,,0.00,0.00,,,0.000
정훈,19, LF,,1,0,2.0,0,0,0,0,,0.00,-0.63,-0.33,0.00,,,,,,-0.96,-1.57,,,-0.094
구승민,20, P,,57,0,60.1,4,2,2,0,100.0,0.60,,,,,,,,,0.00,0.00,,,0.000
이대호,22, P,,1,0,0.1,1,0,1,0,100.0,27.00,,,,,,,,,0.00,0.00,,,0.000
고효준,20, P,,22,0,15.2,4,2,2,0,100.0,2.30,,,,,,,,,0.00,,,,0.000
강윤구,21, P,,20,0,14.0,3,0,2,1,66.7,1.29,,,,,,,,,0.00,0.00,,,0.000
강윤구,22, P,,29,0,21.1,2,0,2,0,100.0,0.84,,,,,,,,,0.00,0.00,,,0.000
이인복,21, P,,25,8,61.1,12,5,7,0,100.0,1.76,,,,,,,,,0.00,0.00,,,0.000
이선우,24, CF,,1,0,2.0,1,1,0,0,100.0,4.50,-0.31,0.02,0.00,,,,,,-0.29,-41.63,,,-0.027
문경찬,22, P,,38,0,40.1,5,1,4,0,100.0,1.12,,,,,,,,,0.00,0.00,,,0.000
김대우,20, P,,46,1,49.1,11,4,6,1,90.9,1.82,,,,,,,,,0.00,0.00,,,0.000
김건국,20, P,,32,0,31.2,7,5,1,1,85.7,1.71,,,,,,,,,0.00,,,,0.000
박시영,19, P,,42,6,61.2,8,4,4,0,100.0,1.17,,,,,,,,,0.00,0.00,,,0.000
정성종,19, P,,32,0,49.2,12,6,5,1,91.7,1.99,,,,,,,,,0.00,0.00,,,0.000
구승민,19, P,,41,0,36.0,4,2,1,1,75.0,0.75,,,,,,,,,0.00,0.00,,,0.000
오현택,21, P,,20,0,16.1,4,2,2,0,100.0,2.20,,,,,,,,,0.00,0.00,,,0.000
황진수,19, 2B,,1,0,1.0,0,0,0,0,,0.00,,,0.00,,,,,,0.00,0.03,,,0.000
레일리,19, P,,30,30,181.0,47,16,28,3,93.6,2.19,,,,,,,,,0.00,,,,0.000
김상수,23, P,,65,0,52.0,8,2,5,1,87.5,1.21,,,,,,,,,0.00,0.00,,,0.000
김원중,22, P,,43,0,43.0,5,3,2,0,100.0,1.05,,,,,,,,,0.00,0.00,,,0.000
강태율,21, P,,1,0,0.1,0,0,0,0,,0.00,,,,,,,,,0.00,0.00,,,0.000
배성근,21, P,,2,0,2.0,0,0,0,0,,0.00,,,,,,,,,0.00,0.00,,,0.000
송재영,21, P,,19,0,14.2,2,1,1,0,100.0,1.23,,,,,,,,,0.00,0.00,,,0.000
박세웅,20, P,,28,28,147.1,28,6,20,2,92.9,1.59,,,,,,,,,0.00,,,,0.000
나원탁,21, P,,2,0,2.0,0,0,0,0,,0.00,,,,,,,,,0.00,0.00,,,0.000
박진형,19, P,,40,0,40.1,6,1,4,1,83.3,1.12,,,,,,,,,0.00,0.00,,,0.000
최영환,23, P,,8,0,10.0,4,1,3,0,100.0,3.60,,,,,,,,,0.00,0.00,,,0.000
박세웅,21, P,,28,28,163.0,39,12,26,1,97.4,2.10,,,,,,,,,0.00,,,,0.000
진명호,20, P,,34,0,31.1,4,2,2,0,100.0,1.15,,,,,,,,,0.00,0.00,,,0.000
고효준,19, P,,74,0,62.1,9,1,5,3,66.7,0.87,,,,,,,,,0.00,0.00,,,0.000
장두성,23, LF,,6,0,7.0,2,2,0,0,100.0,2.57,0.43,0.30,0.01,,,,,,0.75,4.30,,,0.072
김동혁,23, LF,,1,0,1.0,0,0,0,0,,0.00,,,0.00,,,,,,0.00,0.02,,,0.000
문규현,19, 2B,,1,0,1.0,2,1,1,0,100.0,18.00,,,0.00,,,,,,0.00,0.00,,,0.000
정준혁,19, RF,,1,0,2.0,0,0,0,0,,0.00,,0.17,0.00,,,,,,0.17,4.12,,,0.017
김원중,20, P,,58,0,59.1,13,5,7,1,92.3,1.82,,,,,,,,,0.00,0.00,,,0.000
스트레일리,20, P,,31,31,194.2,30,13,14,3,90.0,1.25,,,,,,,,,0.00,,,,0.000
한승혁,21, P,,7,0,4.0,0,0,0,0,,0.00,,,,,,,,,0.00,,,,0.000
이인복,20, P,,47,1,45.1,6,1,4,1,83.3,0.99,,,,,,,,,0.00,0.00,,,0.000
이대호,21, C,,1,0,1.0,0,0,0,0,,0.00,,,0.00,,,,0.07,0.11,0.18,0.23,,,0.018
추재현,21, P,,1,0,1.0,0,0,0,0,,0.00,,,,,,,,,0.00,0.00,,,0.000
손승락,19, P,,53,0,52.2,13,3,9,1,92.3,2.05,,,,,,,,,0.00,0.00,,,0.000
오현택,20, P,,47,0,36.0,8,1,7,0,100.0,2.00,,,,,,,,,0.00,0.00,,,0.000
김원중,23, P,,63,0,63.2,11,4,7,0,100.0,1.55,,,,,,,,,0.00,0.00,,,0.000
박진형,20, P,,53,0,42.2,8,4,4,0,100.0,1.69,,,,,,,,,0.00,,,,0.000
김유영,21, P,,26,0,18.2,2,0,2,0,100.0,0.96,,,,,,,,,0.00,0.00,,,0.000
